date,COUNT,Status Code,Branch Name,Month,Year
9/1/2015,70,C,FR1,9,2015
10/1/2015,798,C,FR1,10,2015
10/1/2015,282,C,IT2,10,2015
10/1/2015,19,C,IT2,10,2015
10/1/2015,12,C,SP3,10,2015
10/1/2015,22,C,SP3,10,2015
11/1/2015,1131,C,FR1,11,2015
11/1/2015,217,C,FR1,11,2015
11/1/2015,210,C,IT2,11,2015
11/1/2015,8,C,IT2,11,2015
11/1/2015,58,C,SP3,11,2015
11/1/2015,14,C,SP3,11,2015
12/1/2015,798,C,FR1,12,2015
12/1/2015,4,C,FR1,12,2015
12/1/2015,393,C,IT2,12,2015
12/1/2015,1,C,IT2,12,2015
12/1/2015,112,C,SP3,12,2015
9/1/2015,8,UE,FR1,9,2015
10/1/2015,49,UE,FR1,10,2015
10/1/2015,2,UE,SP3,10,2015
10/1/2015,1,UE,SP3,10,2015
11/1/2015,73,UE,FR1,11,2015
11/1/2015,21,UE,FR1,11,2015
11/1/2015,5,UE,SP3,11,2015
12/1/2015,52,UE,FR1,12,2015
12/1/2015,7,UE,SP3,12,2015
9/1/2015,7,UE,FR1,9,2015
10/1/2015,11,UE,FR1,10,2015
11/1/2015,2,UE,FR1,11,2015
11/1/2015,1,UE,IT2,11,2015
12/1/2015,1,UE,FR1,12,2015
12/1/2015,1,UE,IT2,12,2015
1/1/2016,204,C,FR1,1,2016
1/1/2016,21,C,FR1,1,2016
1/1/2016,326,C,IT2,1,2016
1/1/2016,9,C,IT2,1,2016
1/1/2016,88,C,SP3,1,2016
2/1/2016,208,C,FR1,2,2016
2/1/2016,332,C,IT2,2,2016
2/1/2016,113,C,SP3,2,2016
2/1/2016,1,C,SP3,2,2016
3/1/2016,163,C,FR1,3,2016
3/1/2016,347,C,IT2,3,2016
3/1/2016,101,C,SP3,3,2016
4/1/2016,209,C,FR1,4,2016
4/1/2016,19,C,FR1,4,2016
4/1/2016,422,C,IT2,4,2016
4/1/2016,28,C,IT2,4,2016
4/1/2016,99,C,SP3,4,2016
4/1/2016,3,C,SP3,4,2016
5/1/2016,528,C,FR1,5,2016
5/1/2016,6,C,FR1,5,2016
5/1/2016,609,C,IT2,5,2016
5/1/2016,14,C,IT2,5,2016
5/1/2016,104,C,SP3,5,2016
6/1/2016,1419,C,FR1,6,2016
6/1/2016,539,C,IT2,6,2016
6/1/2016,111,C,SP3,6,2016
7/1/2016,493,C,FR1,7,2016
7/1/2016,13,C,FR1,7,2016
7/1/2016,779,C,IT2,7,2016
7/1/2016,114,C,SP3,7,2016
8/1/2016,99,C,FR1,8,2016
8/1/2016,65,C,FR1,8,2016
8/1/2016,244,C,IT2,8,2016
8/1/2016,37,C,IT2,8,2016
8/1/2016,48,C,SP3,8,2016
11/1/2016,775,C,FR1,11,2016
11/1/2016,11,C,FR1,11,2016
11/1/2016,251,C,IT2,11,2016
12/1/2016,1063,C,FR1,12,2016
12/1/2016,294,C,IT2,12,2016
12/1/2016,67,C,IT2,12,2016
12/1/2016,18,C,SP3,12,2016
12/1/2016,3,C,SP3,12,2016
11/1/2016,40,EE,IT2,11,2016
12/1/2016,86,EE,IT2,12,2016
12/1/2016,11,EE,IT2,12,2016
1/1/2016,20,UE,FR1,1,2016
1/1/2016,8,UE,FR1,1,2016
1/1/2016,3,UE,SP3,1,2016
2/1/2016,11,UE,FR1,2,2016
2/1/2016,5,UE,SP3,2,2016
3/1/2016,14,UE,FR1,3,2016
3/1/2016,9,UE,SP3,3,2016
4/1/2016,13,UE,FR1,4,2016
4/1/2016,11,UE,SP3,4,2016
5/1/2016,78,UE,FR1,5,2016
5/1/2016,4,UE,FR1,5,2016
5/1/2016,5,UE,SP3,5,2016
6/1/2016,70,UE,FR1,6,2016
6/1/2016,4,UE,SP3,6,2016
7/1/2016,15,UE,FR1,7,2016
7/1/2016,2,UE,FR1,7,2016
8/1/2016,5,UE,FR1,8,2016
8/1/2016,4,UE,FR1,8,2016
11/1/2016,38,UE,FR1,11,2016
11/1/2016,4,UE,IT2,11,2016
12/1/2016,53,UE,FR1,12,2016
12/1/2016,10,UE,IT2,12,2016
12/1/2016,4,UE,IT2,12,2016
12/1/2016,6,UE,SP3,12,2016
12/1/2016,1,UE,SP3,12,2016
1/1/2016,2,UE,FR1,1,2016
1/1/2016,2,UE,IT2,1,2016
2/1/2016,12,UE,FR1,2,2016
2/1/2016,16,UE,IT2,2,2016
2/1/2016,1,UE,SP3,2,2016
3/1/2016,24,UE,FR1,3,2016
3/1/2016,1,UE,IT2,3,2016
3/1/2016,4,UE,SP3,3,2016
4/1/2016,12,UE,FR1,4,2016
4/1/2016,3,UE,IT2,4,2016
5/1/2016,8,UE,FR1,5,2016
5/1/2016,4,UE,IT2,5,2016
5/1/2016,4,UE,SP3,5,2016
6/1/2016,8,UE,FR1,6,2016
7/1/2016,4,UE,FR1,7,2016
7/1/2016,6,UE,IT2,7,2016
8/1/2016,1,UE,FR1,8,2016
8/1/2016,31,UE,FR1,8,2016
8/1/2016,22,UE,IT2,8,2016
11/1/2016,8,UE,FR1,11,2016
11/1/2016,4,UE,IT2,11,2016
12/1/2016,7,UE,FR1,12,2016
12/1/2016,18,UE,IT2,12,2016
12/1/2016,6,UE,IT2,12,2016
12/1/2016,2,UE,SP3,12,2016
1/1/2017,577,C,FR1,1,2017
1/1/2017,376,C,IT2,1,2017
1/1/2017,82,C,SP3,1,2017
2/1/2017,474,C,FR1,2,2017
2/1/2017,423,C,IT2,2,2017
2/1/2017,70,C,SP3,2,2017
3/1/2017,239,C,FR1,3,2017
3/1/2017,88,C,IT2,3,2017
3/1/2017,5,C,SP3,3,2017
4/1/2017,577,C,FR1,4,2017
4/1/2017,291,C,IT2,4,2017
4/1/2017,32,C,SP3,4,2017
5/1/2017,460,C,FR1,5,2017
5/1/2017,457,C,IT2,5,2017
5/1/2017,106,C,SP3,5,2017
6/1/2017,891,C,FR1,6,2017
6/1/2017,26,C,FR1,6,2017
6/1/2017,466,C,IT2,6,2017
6/1/2017,105,C,SP3,6,2017
7/1/2017,398,C,FR1,7,2017
7/1/2017,8,C,FR1,7,2017
7/1/2017,460,C,IT2,7,2017
7/1/2017,92,C,SP3,7,2017
8/1/2017,371,C,FR1,8,2017
8/1/2017,3,C,FR1,8,2017
8/1/2017,240,C,IT2,8,2017
8/1/2017,94,C,SP3,8,2017
9/1/2017,354,C,FR1,9,2017
9/1/2017,341,C,IT2,9,2017
9/1/2017,90,C,SP3,9,2017
10/1/2017,2030,C,FR1,10,2017
10/1/2017,135,C,FR1,10,2017
10/1/2017,489,C,IT2,10,2017
10/1/2017,2,C,IT2,10,2017
10/1/2017,132,C,SP3,10,2017
11/1/2017,1822,C,FR1,11,2017
11/1/2017,73,C,FR1,11,2017
11/1/2017,575,C,IT2,11,2017
11/1/2017,156,C,SP3,11,2017
12/1/2017,300,C,FR1,12,2017
12/1/2017,7,C,FR1,12,2017
12/1/2017,428,C,IT2,12,2017
12/1/2017,75,C,IT2,12,2017
12/1/2017,117,C,SP3,12,2017
1/1/2017,35,EE,IT2,1,2017
1/1/2017,2,EE,IT2,1,2017
2/1/2017,37,EE,IT2,2,2017
2/1/2017,2,EE,SP3,2,2017
3/1/2017,32,EE,IT2,3,2017
3/1/2017,1,EE,SP3,3,2017
4/1/2017,63,EE,IT2,4,2017
5/1/2017,49,EE,IT2,5,2017
5/1/2017,1,EE,IT2,5,2017
6/1/2017,49,EE,IT2,6,2017
7/1/2017,45,EE,IT2,7,2017
8/1/2017,24,EE,IT2,8,2017
9/1/2017,25,EE,IT2,9,2017
10/1/2017,70,EE,IT2,10,2017
10/1/2017,4,EE,IT2,10,2017
11/1/2017,23,EE,IT2,11,2017
12/1/2017,74,EE,IT2,12,2017
12/1/2017,2,EE,IT2,12,2017
1/1/2017,48,UE,FR1,1,2017
1/1/2017,8,UE,IT2,1,2017
1/1/2017,2,UE,IT2,1,2017
1/1/2017,20,UE,SP3,1,2017
2/1/2017,48,UE,FR1,2,2017
2/1/2017,1,UE,IT2,2,2017
2/1/2017,6,UE,SP3,2,2017
3/1/2017,9,UE,FR1,3,2017
3/1/2017,1,UE,IT2,3,2017
4/1/2017,23,UE,FR1,4,2017
4/1/2017,13,UE,SP3,4,2017
5/1/2017,12,UE,FR1,5,2017
5/1/2017,1,UE,IT2,5,2017
5/1/2017,6,UE,SP3,5,2017
5/1/2017,1,UE,SP3,5,2017
6/1/2017,33,UE,FR1,6,2017
6/1/2017,2,UE,FR1,6,2017
6/1/2017,1,UE,IT2,6,2017
6/1/2017,4,UE,SP3,6,2017
7/1/2017,11,UE,FR1,7,2017
7/1/2017,1,UE,FR1,7,2017
7/1/2017,1,UE,IT2,7,2017
7/1/2017,5,UE,SP3,7,2017
8/1/2017,21,UE,FR1,8,2017
8/1/2017,4,UE,SP3,8,2017
9/1/2017,16,UE,FR1,9,2017
9/1/2017,2,UE,IT2,9,2017
9/1/2017,4,UE,SP3,9,2017
10/1/2017,170,UE,FR1,10,2017
10/1/2017,24,UE,FR1,10,2017
10/1/2017,15,UE,IT2,10,2017
10/1/2017,8,UE,SP3,10,2017
11/1/2017,85,UE,FR1,11,2017
11/1/2017,5,UE,FR1,11,2017
11/1/2017,4,UE,IT2,11,2017
11/1/2017,4,UE,SP3,11,2017
12/1/2017,43,UE,FR1,12,2017
12/1/2017,7,UE,IT2,12,2017
12/1/2017,4,UE,SP3,12,2017
1/1/2017,8,UE,FR1,1,2017
1/1/2017,25,UE,IT2,1,2017
1/1/2017,1,UE,IT2,1,2017
2/1/2017,5,UE,FR1,2,2017
2/1/2017,56,UE,IT2,2,2017
2/1/2017,23,UE,SP3,2,2017
3/1/2017,1,UE,FR1,3,2017
3/1/2017,1,UE,IT2,3,2017
4/1/2017,2,UE,FR1,4,2017
4/1/2017,102,UE,IT2,4,2017
4/1/2017,16,UE,SP3,4,2017
5/1/2017,3,UE,FR1,5,2017
5/1/2017,9,UE,IT2,5,2017
6/1/2017,4,UE,FR1,6,2017
6/1/2017,5,UE,IT2,6,2017
7/1/2017,2,UE,FR1,7,2017
7/1/2017,11,UE,IT2,7,2017
8/1/2017,1,UE,FR1,8,2017
8/1/2017,69,UE,IT2,8,2017
8/1/2017,15,UE,SP3,8,2017
9/1/2017,1,UE,FR1,9,2017
9/1/2017,5,UE,IT2,9,2017
10/1/2017,10,UE,FR1,10,2017
10/1/2017,2,UE,FR1,10,2017
10/1/2017,36,UE,IT2,10,2017
10/1/2017,1,UE,SP3,10,2017
11/1/2017,6,UE,FR1,11,2017
11/1/2017,25,UE,IT2,11,2017
11/1/2017,1,UE,SP3,11,2017
12/1/2017,10,UE,FR1,12,2017
12/1/2017,71,UE,IT2,12,2017
12/1/2017,5,UE,IT2,12,2017
1/1/2018,523,C,FR1,1,2018
1/1/2018,11,C,FR1,1,2018
1/1/2018,540,C,IT2,1,2018
1/1/2018,16,C,IT2,1,2018
1/1/2018,172,C,SP3,1,2018
2/1/2018,414,C,FR1,2,2018
2/1/2018,6,C,FR1,2,2018
2/1/2018,528,C,IT2,2,2018
2/1/2018,37,C,IT2,2,2018
2/1/2018,115,C,SP3,2,2018
2/1/2018,49,C,SP3,2,2018
3/1/2018,479,C,FR1,3,2018
3/1/2018,43,C,FR1,3,2018
3/1/2018,603,C,IT2,3,2018
3/1/2018,1,C,IT2,3,2018
3/1/2018,93,C,SP3,3,2018
4/1/2018,701,C,FR1,4,2018
4/1/2018,32,C,FR1,4,2018
4/1/2018,548,C,IT2,4,2018
4/1/2018,43,C,IT2,4,2018
4/1/2018,98,C,SP3,4,2018
4/1/2018,5,C,SP3,4,2018
5/1/2018,525,C,FR1,5,2018
5/1/2018,7,C,FR1,5,2018
5/1/2018,617,C,IT2,5,2018
5/1/2018,19,C,IT2,5,2018
5/1/2018,87,C,SP3,5,2018
5/1/2018,6,C,SP3,5,2018
6/1/2018,433,C,FR1,6,2018
6/1/2018,96,C,FR1,6,2018
6/1/2018,585,C,IT2,6,2018
6/1/2018,36,C,IT2,6,2018
6/1/2018,139,C,SP3,6,2018
6/1/2018,10,C,SP3,6,2018
7/1/2018,302,C,FR1,7,2018
7/1/2018,559,C,IT2,7,2018
7/1/2018,150,C,SP3,7,2018
8/1/2018,314,C,FR1,8,2018
8/1/2018,15,C,FR1,8,2018
8/1/2018,676,C,IT2,8,2018
8/1/2018,35,C,IT2,8,2018
8/1/2018,121,C,SP3,8,2018
8/1/2018,2,C,SP3,8,2018
9/1/2018,1541,C,FR1,9,2018
9/1/2018,6,C,FR1,9,2018
9/1/2018,388,C,IT2,9,2018
9/1/2018,39,C,IT2,9,2018
9/1/2018,151,C,SP3,9,2018
10/1/2018,2044,C,FR1,10,2018
10/1/2018,226,C,FR1,10,2018
10/1/2018,711,C,IT2,10,2018
10/1/2018,3,C,IT2,10,2018
10/1/2018,160,C,SP3,10,2018
10/1/2018,2,C,SP3,10,2018
11/1/2018,730,C,FR1,11,2018
11/1/2018,7,C,FR1,11,2018
11/1/2018,467,C,IT2,11,2018
11/1/2018,31,C,IT2,11,2018
11/1/2018,151,C,SP3,11,2018
11/1/2018,1,C,SP3,11,2018
12/1/2018,420,C,FR1,12,2018
12/1/2018,34,C,FR1,12,2018
12/1/2018,484,C,IT2,12,2018
12/1/2018,34,C,IT2,12,2018
12/1/2018,113,C,SP3,12,2018
1/1/2018,36,EE,IT2,1,2018
2/1/2018,10,EE,IT2,2,2018
3/1/2018,31,EE,IT2,3,2018
4/1/2018,19,EE,IT2,4,2018
4/1/2018,1,EE,IT2,4,2018
5/1/2018,36,EE,IT2,5,2018
5/1/2018,4,EE,IT2,5,2018
6/1/2018,22,EE,IT2,6,2018
6/1/2018,5,EE,IT2,6,2018
7/1/2018,34,EE,IT2,7,2018
7/1/2018,1,EE,IT2,7,2018
8/1/2018,53,EE,IT2,8,2018
8/1/2018,6,EE,IT2,8,2018
9/1/2018,43,EE,IT2,9,2018
9/1/2018,4,EE,IT2,9,2018
10/1/2018,71,EE,IT2,10,2018
10/1/2018,1,EE,IT2,10,2018
11/1/2018,55,EE,IT2,11,2018
11/1/2018,2,EE,IT2,11,2018
12/1/2018,54,EE,IT2,12,2018
12/1/2018,3,EE,IT2,12,2018
1/1/2018,34,UE,FR1,1,2018
1/1/2018,1,UE,FR1,1,2018
1/1/2018,2,UE,IT2,1,2018
1/1/2018,3,UE,SP3,1,2018
2/1/2018,38,UE,FR1,2,2018
2/1/2018,2,UE,IT2,2,2018
2/1/2018,7,UE,SP3,2,2018
3/1/2018,25,UE,FR1,3,2018
3/1/2018,6,UE,IT2,3,2018
3/1/2018,3,UE,SP3,3,2018
4/1/2018,55,UE,FR1,4,2018
4/1/2018,4,UE,FR1,4,2018
4/1/2018,10,UE,IT2,4,2018
4/1/2018,4,UE,IT2,4,2018
4/1/2018,14,UE,SP3,4,2018
4/1/2018,1,UE,SP3,4,2018
5/1/2018,39,UE,FR1,5,2018
5/1/2018,1,UE,FR1,5,2018
5/1/2018,15,UE,IT2,5,2018
5/1/2018,4,UE,SP3,5,2018
6/1/2018,24,UE,FR1,6,2018
6/1/2018,5,UE,FR1,6,2018
6/1/2018,36,UE,IT2,6,2018
6/1/2018,7,UE,IT2,6,2018
6/1/2018,11,UE,SP3,6,2018
6/1/2018,1,UE,SP3,6,2018
7/1/2018,29,UE,FR1,7,2018
7/1/2018,3,UE,IT2,7,2018
7/1/2018,7,UE,SP3,7,2018
8/1/2018,35,UE,FR1,8,2018
8/1/2018,1,UE,FR1,8,2018
8/1/2018,18,UE,IT2,8,2018
8/1/2018,10,UE,SP3,8,2018
9/1/2018,84,UE,FR1,9,2018
9/1/2018,2,UE,FR1,9,2018
9/1/2018,4,UE,IT2,9,2018
9/1/2018,1,UE,IT2,9,2018
9/1/2018,9,UE,SP3,9,2018
10/1/2018,108,UE,FR1,10,2018
10/1/2018,36,UE,FR1,10,2018
10/1/2018,4,UE,IT2,10,2018
10/1/2018,8,UE,SP3,10,2018
11/1/2018,41,UE,FR1,11,2018
11/1/2018,1,UE,FR1,11,2018
11/1/2018,11,UE,IT2,11,2018
11/1/2018,3,UE,SP3,11,2018
12/1/2018,31,UE,FR1,12,2018
12/1/2018,33,UE,IT2,12,2018
12/1/2018,6,UE,SP3,12,2018
1/1/2018,12,UE,FR1,1,2018
1/1/2018,49,UE,IT2,1,2018
1/1/2018,12,UE,SP3,1,2018
2/1/2018,8,UE,FR1,2,2018
2/1/2018,1,UE,FR1,2,2018
2/1/2018,28,UE,IT2,2,2018
2/1/2018,1,UE,IT2,2,2018
3/1/2018,12,UE,FR1,3,2018
3/1/2018,90,UE,IT2,3,2018
3/1/2018,4,UE,IT2,3,2018
3/1/2018,4,UE,SP3,3,2018
4/1/2018,12,UE,FR1,4,2018
4/1/2018,4,UE,FR1,4,2018
4/1/2018,33,UE,IT2,4,2018
4/1/2018,2,UE,IT2,4,2018
4/1/2018,1,UE,SP3,4,2018
5/1/2018,31,UE,IT2,5,2018
5/1/2018,1,UE,SP3,5,2018
5/1/2018,1,UE,SP3,5,2018
6/1/2018,3,UE,FR1,6,2018
6/1/2018,1,UE,FR1,6,2018
6/1/2018,19,UE,IT2,6,2018
6/1/2018,1,UE,IT2,6,2018
6/1/2018,10,UE,SP3,6,2018
7/1/2018,2,UE,FR1,7,2018
7/1/2018,31,UE,IT2,7,2018
7/1/2018,1,UE,IT2,7,2018
7/1/2018,30,UE,SP3,7,2018
8/1/2018,5,UE,FR1,8,2018
8/1/2018,66,UE,IT2,8,2018
8/1/2018,2,UE,IT2,8,2018
8/1/2018,13,UE,SP3,8,2018
8/1/2018,3,UE,SP3,8,2018
9/1/2018,10,UE,FR1,9,2018
9/1/2018,32,UE,IT2,9,2018
9/1/2018,11,UE,IT2,9,2018
10/1/2018,8,UE,FR1,10,2018
10/1/2018,1,UE,FR1,10,2018
10/1/2018,29,UE,IT2,10,2018
11/1/2018,5,UE,FR1,11,2018
11/1/2018,32,UE,IT2,11,2018
11/1/2018,30,UE,IT2,11,2018
11/1/2018,2,UE,SP3,11,2018
12/1/2018,1,UE,FR1,12,2018
12/1/2018,12,UE,IT2,12,2018
12/1/2018,2,UE,IT2,12,2018
1/1/2019,411,C,FR1,1,2019
1/1/2019,97,C,FR1,1,2019
1/1/2019,440,C,IT2,1,2019
1/1/2019,62,C,IT2,1,2019
1/1/2019,210,C,SP3,1,2019
2/1/2019,433,C,FR1,2,2019
2/1/2019,52,C,FR1,2,2019
2/1/2019,261,C,IT2,2,2019
2/1/2019,3,C,IT2,2,2019
2/1/2019,124,C,SP3,2,2019
2/1/2019,7,C,SP3,2,2019
3/1/2019,365,C,FR1,3,2019
3/1/2019,102,C,FR1,3,2019
3/1/2019,385,C,IT2,3,2019
3/1/2019,94,C,IT2,3,2019
3/1/2019,116,C,SP3,3,2019
1/1/2019,102,EE,IT2,1,2019
1/1/2019,20,EE,IT2,1,2019
2/1/2019,121,EE,IT2,2,2019
2/1/2019,12,EE,IT2,2,2019
3/1/2019,28,EE,IT2,3,2019
3/1/2019,12,EE,IT2,3,2019
2/1/2019,157,C,FR1,2,2019
2/1/2019,132,C,IT2,2,2019
2/1/2019,43,C,IT2,2,2019
2/1/2019,50,C,SP3,2,2019
3/1/2019,293,C,FR1,3,2019
3/1/2019,23,C,IT2,3,2019
3/1/2019,105,C,SP3,3,2019
4/1/2019,685,C,FR1,4,2019
4/1/2019,225,C,FR1,4,2019
4/1/2019,166,C,SP3,4,2019
4/1/2019,14,C,SP3,4,2019
5/1/2019,1310,C,FR1,5,2019
5/1/2019,542,C,FR1,5,2019
5/1/2019,161,C,SP3,5,2019
5/1/2019,8,C,SP3,5,2019
6/1/2019,167,C,FR1,6,2019
6/1/2019,143,C,FR1,6,2019
1/1/2019,34,UE,FR1,1,2019
1/1/2019,2,UE,FR1,1,2019
1/1/2019,39,UE,IT2,1,2019
1/1/2019,4,UE,SP3,1,2019
2/1/2019,35,UE,FR1,2,2019
2/1/2019,56,UE,IT2,2,2019
2/1/2019,1,UE,IT2,2,2019
2/1/2019,17,UE,SP3,2,2019
2/1/2019,1,UE,SP3,2,2019
3/1/2019,23,UE,FR1,3,2019
3/1/2019,4,UE,FR1,3,2019
3/1/2019,10,UE,IT2,3,2019
3/1/2019,1,UE,IT2,3,2019
3/1/2019,7,UE,SP3,3,2019
4/1/2019,45,UE,FR1,4,2019
4/1/2019,18,UE,FR1,4,2019
4/1/2019,14,UE,SP3,4,2019
4/1/2019,11,UE,SP3,4,2019
5/1/2019,78,UE,FR1,5,2019
5/1/2019,30,UE,FR1,5,2019
5/1/2019,14,UE,SP3,5,2019
6/1/2019,4,UE,FR1,6,2019
1/1/2019,2,UE,FR1,1,2019
1/1/2019,3,UE,FR1,1,2019
1/1/2019,11,UE,IT2,1,2019
1/1/2019,1,UE,SP3,1,2019
2/1/2019,6,UE,FR1,2,2019
2/1/2019,1,UE,FR1,2,2019
2/1/2019,15,UE,IT2,2,2019
2/1/2019,1,UE,IT2,2,2019
2/1/2019,2,UE,SP3,2,2019
3/1/2019,7,UE,FR1,3,2019
3/1/2019,3,UE,FR1,3,2019
3/1/2019,70,UE,IT2,3,2019
3/1/2019,95,UE,IT2,3,2019
3/1/2019,5,UE,SP3,3,2019
4/1/2019,7,UE,FR1,4,2019
4/1/2019,4,UE,FR1,4,2019
4/1/2019,3,UE,SP3,4,2019
5/1/2019,12,UE,FR1,5,2019
5/1/2019,8,UE,FR1,5,2019
5/1/2019,6,UE,SP3,5,2019
6/1/2019,1,UE,FR1,6,2019
11/1/2015,27,C,GE4,11,2015
12/1/2015,124,C,GE4,12,2015
11/1/2015,15,UE,GE4,11,2015
12/1/2015,3,UE,GE4,12,2015
1/1/2016,339,C,GE4,1,2016
1/1/2016,21,C,GE4,1,2016
2/1/2016,408,C,GE4,2,2016
3/1/2016,3293,C,GE4,3,2016
4/1/2016,3684,C,GE4,4,2016
5/1/2016,5290,C,GE4,5,2016
6/1/2016,3050,C,GE4,6,2016
6/1/2016,319,C,GE4,6,2016
7/1/2016,2737,C,GE4,7,2016
7/1/2016,747,C,GE4,7,2016
8/1/2016,1590,C,GE4,8,2016
8/1/2016,1303,C,GE4,8,2016
11/1/2016,1911,C,GE4,11,2016
11/1/2016,64,C,GE4,11,2016
12/1/2016,3627,C,GE4,12,2016
6/1/2016,852,EE,GE4,6,2016
6/1/2016,69,EE,GE4,6,2016
7/1/2016,824,EE,GE4,7,2016
7/1/2016,205,EE,GE4,7,2016
8/1/2016,512,EE,GE4,8,2016
8/1/2016,453,EE,GE4,8,2016
11/1/2016,715,EE,GE4,11,2016
11/1/2016,12,EE,GE4,11,2016
12/1/2016,1276,EE,GE4,12,2016
6/1/2016,309,UE,GE4,6,2016
6/1/2016,4,UE,GE4,6,2016
7/1/2016,190,UE,GE4,7,2016
7/1/2016,3,UE,GE4,7,2016
8/1/2016,33,UE,GE4,8,2016
8/1/2016,159,UE,GE4,8,2016
11/1/2016,47,UE,GE4,11,2016
11/1/2016,13,UE,GE4,11,2016
12/1/2016,85,UE,GE4,12,2016
12/1/2016,1,UE,GE4,12,2016
1/1/2016,20,UE,GE4,1,2016
1/1/2016,7,UE,GE4,1,2016
2/1/2016,4,UE,GE4,2,2016
3/1/2016,11,UE,GE4,3,2016
4/1/2016,53,UE,GE4,4,2016
5/1/2016,24,UE,GE4,5,2016
6/1/2016,88,UE,GE4,6,2016
6/1/2016,10,UE,GE4,6,2016
7/1/2016,93,UE,GE4,7,2016
7/1/2016,2,UE,GE4,7,2016
8/1/2016,54,UE,GE4,8,2016
8/1/2016,92,UE,GE4,8,2016
11/1/2016,26,UE,GE4,11,2016
11/1/2016,2,UE,GE4,11,2016
12/1/2016,54,UE,GE4,12,2016
1/1/2017,3807,C,GE4,1,2017
1/1/2017,390,C,GE4,1,2017
2/1/2017,3263,C,GE4,2,2017
2/1/2017,1,C,GE4,2,2017
3/1/2017,880,C,GE4,3,2017
4/1/2017,3221,C,GE4,4,2017
5/1/2017,3766,C,GE4,5,2017
5/1/2017,1,C,GE4,5,2017
6/1/2017,3541,C,GE4,6,2017
7/1/2017,3936,C,GE4,7,2017
8/1/2017,3476,C,GE4,8,2017
8/1/2017,158,C,GE4,8,2017
9/1/2017,3370,C,GE4,9,2017
10/1/2017,3924,C,GE4,10,2017
11/1/2017,3858,C,GE4,11,2017
12/1/2017,3419,C,GE4,12,2017
12/1/2017,41,C,GE4,12,2017
1/1/2017,1467,EE,GE4,1,2017
1/1/2017,116,EE,GE4,1,2017
2/1/2017,1459,EE,GE4,2,2017
2/1/2017,1,EE,GE4,2,2017
3/1/2017,181,EE,GE4,3,2017
4/1/2017,1411,EE,GE4,4,2017
5/1/2017,984,EE,GE4,5,2017
5/1/2017,1,EE,GE4,5,2017
6/1/2017,547,EE,GE4,6,2017
7/1/2017,1241,EE,GE4,7,2017
8/1/2017,745,EE,GE4,8,2017
8/1/2017,13,EE,GE4,8,2017
9/1/2017,454,EE,GE4,9,2017
10/1/2017,660,EE,GE4,10,2017
11/1/2017,417,EE,GE4,11,2017
12/1/2017,406,EE,GE4,12,2017
12/1/2017,6,EE,GE4,12,2017
1/1/2017,207,UE,GE4,1,2017
1/1/2017,96,UE,GE4,1,2017
2/1/2017,265,UE,GE4,2,2017
3/1/2017,11,UE,GE4,3,2017
4/1/2017,147,UE,GE4,4,2017
5/1/2017,57,UE,GE4,5,2017
6/1/2017,24,UE,GE4,6,2017
7/1/2017,29,UE,GE4,7,2017
8/1/2017,125,UE,GE4,8,2017
9/1/2017,110,UE,GE4,9,2017
10/1/2017,137,UE,GE4,10,2017
11/1/2017,56,UE,GE4,11,2017
12/1/2017,109,UE,GE4,12,2017
1/1/2017,61,UE,GE4,1,2017
1/1/2017,9,UE,GE4,1,2017
2/1/2017,51,UE,GE4,2,2017
3/1/2017,8,UE,GE4,3,2017
4/1/2017,38,UE,GE4,4,2017
5/1/2017,24,UE,GE4,5,2017
6/1/2017,25,UE,GE4,6,2017
7/1/2017,9,UE,GE4,7,2017
8/1/2017,9,UE,GE4,8,2017
9/1/2017,10,UE,GE4,9,2017
10/1/2017,27,UE,GE4,10,2017
11/1/2017,12,UE,GE4,11,2017
12/1/2017,50,UE,GE4,12,2017
1/1/2018,4113,C,GE4,1,2018
1/1/2018,554,C,GE4,1,2018
2/1/2018,3431,C,GE4,2,2018
2/1/2018,378,C,GE4,2,2018
3/1/2018,6012,C,GE4,3,2018
3/1/2018,28,C,GE4,3,2018
4/1/2018,4109,C,GE4,4,2018
5/1/2018,3847,C,GE4,5,2018
6/1/2018,2391,C,GE4,6,2018
6/1/2018,651,C,GE4,6,2018
7/1/2018,4299,C,GE4,7,2018
7/1/2018,383,C,GE4,7,2018
8/1/2018,3931,C,GE4,8,2018
8/1/2018,5,C,GE4,8,2018
9/1/2018,3411,C,GE4,9,2018
9/1/2018,11,C,GE4,9,2018
10/1/2018,4790,C,GE4,10,2018
10/1/2018,11,C,GE4,10,2018
11/1/2018,4708,C,GE4,11,2018
11/1/2018,585,C,GE4,11,2018
12/1/2018,4711,C,GE4,12,2018
12/1/2018,1,C,GE4,12,2018
1/1/2018,575,EE,GE4,1,2018
1/1/2018,56,EE,GE4,1,2018
2/1/2018,493,EE,GE4,2,2018
2/1/2018,35,EE,GE4,2,2018
3/1/2018,539,EE,GE4,3,2018
3/1/2018,3,EE,GE4,3,2018
4/1/2018,536,EE,GE4,4,2018
5/1/2018,467,EE,GE4,5,2018
6/1/2018,404,EE,GE4,6,2018
6/1/2018,80,EE,GE4,6,2018
7/1/2018,405,EE,GE4,7,2018
7/1/2018,19,EE,GE4,7,2018
8/1/2018,319,EE,GE4,8,2018
9/1/2018,423,EE,GE4,9,2018
9/1/2018,7,EE,GE4,9,2018
10/1/2018,496,EE,GE4,10,2018
10/1/2018,2,EE,GE4,10,2018
11/1/2018,369,EE,GE4,11,2018
11/1/2018,41,EE,GE4,11,2018
12/1/2018,236,EE,GE4,12,2018
1/1/2018,137,UE,GE4,1,2018
1/1/2018,51,UE,GE4,1,2018
2/1/2018,76,UE,GE4,2,2018
2/1/2018,10,UE,GE4,2,2018
3/1/2018,153,UE,GE4,3,2018
4/1/2018,170,UE,GE4,4,2018
5/1/2018,196,UE,GE4,5,2018
6/1/2018,140,UE,GE4,6,2018
6/1/2018,59,UE,GE4,6,2018
7/1/2018,219,UE,GE4,7,2018
7/1/2018,40,UE,GE4,7,2018
8/1/2018,152,UE,GE4,8,2018
9/1/2018,98,UE,GE4,9,2018
10/1/2018,288,UE,GE4,10,2018
11/1/2018,310,UE,GE4,11,2018
11/1/2018,25,UE,GE4,11,2018
12/1/2018,199,UE,GE4,12,2018
1/1/2018,41,UE,GE4,1,2018
1/1/2018,15,UE,GE4,1,2018
2/1/2018,42,UE,GE4,2,2018
2/1/2018,9,UE,GE4,2,2018
3/1/2018,35,UE,GE4,3,2018
3/1/2018,2,UE,GE4,3,2018
4/1/2018,15,UE,GE4,4,2018
5/1/2018,26,UE,GE4,5,2018
6/1/2018,149,UE,GE4,6,2018
6/1/2018,299,UE,GE4,6,2018
7/1/2018,39,UE,GE4,7,2018
7/1/2018,4,UE,GE4,7,2018
8/1/2018,32,UE,GE4,8,2018
9/1/2018,35,UE,GE4,9,2018
10/1/2018,39,UE,GE4,10,2018
11/1/2018,69,UE,GE4,11,2018
11/1/2018,3,UE,GE4,11,2018
12/1/2018,65,UE,GE4,12,2018
1/1/2019,3594,C,GE4,1,2019
1/1/2019,783,C,GE4,1,2019
2/1/2019,2604,C,GE4,2,2019
2/1/2019,181,C,GE4,2,2019
3/1/2019,3275,C,GE4,3,2019
3/1/2019,1,C,GE4,3,2019
1/1/2019,327,EE,GE4,1,2019
1/1/2019,30,EE,GE4,1,2019
2/1/2019,368,EE,GE4,2,2019
2/1/2019,6,EE,GE4,2,2019
3/1/2019,392,EE,GE4,3,2019
3/1/2019,66,EE,GE4,3,2019
4/1/2019,542,EE,GE4,4,2019
4/1/2019,39,EE,GE4,4,2019
5/1/2019,525,EE,GE4,5,2019
2/1/2019,1207,C,GE4,2,2019
2/1/2019,109,C,GE4,2,2019
3/1/2019,2289,C,GE4,3,2019
3/1/2019,522,C,GE4,3,2019
4/1/2019,4892,C,GE4,4,2019
4/1/2019,663,C,GE4,4,2019
5/1/2019,5445,C,GE4,5,2019
1/1/2019,187,UE,GE4,1,2019
1/1/2019,26,UE,GE4,1,2019
2/1/2019,160,UE,GE4,2,2019
2/1/2019,14,UE,GE4,2,2019
3/1/2019,183,UE,GE4,3,2019
3/1/2019,18,UE,GE4,3,2019
4/1/2019,242,UE,GE4,4,2019
4/1/2019,26,UE,GE4,4,2019
5/1/2019,237,UE,GE4,5,2019
1/1/2019,49,UE,GE4,1,2019
1/1/2019,11,UE,GE4,1,2019
2/1/2019,68,UE,GE4,2,2019
2/1/2019,3,UE,GE4,2,2019
3/1/2019,181,UE,GE4,3,2019
3/1/2019,4,UE,GE4,3,2019
4/1/2019,170,UE,GE4,4,2019
4/1/2019,31,UE,GE4,4,2019
5/1/2019,130,UE,GE4,5,2019
11/1/2015,70,C,HK5,11,2015
11/1/2015,108,C,HK5,11,2015
12/1/2015,558,C,HK5,12,2015
12/1/2015,60,C,HK5,12,2015
12/1/2015,81,C,HK5,12,2015
12/1/2015,19,C,HK5,12,2015
11/1/2015,1,EE,HK5,11,2015
11/1/2015,22,EE,HK5,11,2015
11/1/2015,1,EE,HK5,11,2015
12/1/2015,1,EE,HK5,12,2015
12/1/2015,53,EE,HK5,12,2015
12/1/2015,9,EE,HK5,12,2015
12/1/2015,1,UE,HK5,12,2015
12/1/2015,3,UE,HK5,12,2015
11/1/2015,16,UE,HK5,11,2015
12/1/2015,7,UE,HK5,12,2015
12/1/2015,3,UE,HK5,12,2015
12/1/2015,4,UE,HK5,12,2015
12/1/2015,1,UE,HK5,12,2015
1/1/2016,373,C,HK5,1,2016
1/1/2016,2206,C,HK5,1,2016
1/1/2016,77,C,HK5,1,2016
1/1/2016,49,C,HK5,1,2016
2/1/2016,337,C,HK5,2,2016
2/1/2016,2599,C,HK5,2,2016
2/1/2016,82,C,HK5,2,2016
2/1/2016,55,C,HK5,2,2016
3/1/2016,375,C,HK5,3,2016
3/1/2016,459,C,HK5,3,2016
3/1/2016,53,C,HK5,3,2016
4/1/2016,1973,C,HK5,4,2016
4/1/2016,337,C,HK5,4,2016
4/1/2016,125,C,HK5,4,2016
4/1/2016,4,C,HK5,4,2016
5/1/2016,5405,C,HK5,5,2016
5/1/2016,487,C,HK5,5,2016
5/1/2016,90,C,HK5,5,2016
5/1/2016,13,C,HK5,5,2016
6/1/2016,6162,C,HK5,6,2016
6/1/2016,433,C,HK5,6,2016
6/1/2016,136,C,HK5,6,2016
6/1/2016,6,C,HK5,6,2016
7/1/2016,6788,C,HK5,7,2016
7/1/2016,50,C,HK5,7,2016
7/1/2016,121,C,HK5,7,2016
8/1/2016,6994,C,HK5,8,2016
8/1/2016,439,C,HK5,8,2016
8/1/2016,117,C,HK5,8,2016
8/1/2016,2,C,HK5,8,2016
11/1/2016,29,C,HK5,11,2016
11/1/2016,6,C,HK5,11,2016
12/1/2016,1764,C,HK5,12,2016
12/1/2016,2419,C,HK5,12,2016
12/1/2016,91,C,HK5,12,2016
1/1/2016,14,EE,HK5,1,2016
1/1/2016,113,EE,HK5,1,2016
1/1/2016,49,EE,HK5,1,2016
1/1/2016,21,EE,HK5,1,2016
2/1/2016,19,EE,HK5,2,2016
2/1/2016,120,EE,HK5,2,2016
2/1/2016,53,EE,HK5,2,2016
2/1/2016,26,EE,HK5,2,2016
3/1/2016,11,EE,HK5,3,2016
3/1/2016,7,EE,HK5,3,2016
3/1/2016,32,EE,HK5,3,2016
3/1/2016,1,EE,HK5,3,2016
4/1/2016,604,EE,HK5,4,2016
4/1/2016,595,EE,HK5,4,2016
4/1/2016,78,EE,HK5,4,2016
4/1/2016,5,EE,HK5,4,2016
5/1/2016,252,EE,HK5,5,2016
5/1/2016,40,EE,HK5,5,2016
5/1/2016,74,EE,HK5,5,2016
5/1/2016,11,EE,HK5,5,2016
6/1/2016,308,EE,HK5,6,2016
6/1/2016,6,EE,HK5,6,2016
6/1/2016,183,EE,HK5,6,2016
6/1/2016,9,EE,HK5,6,2016
7/1/2016,555,EE,HK5,7,2016
7/1/2016,7,EE,HK5,7,2016
7/1/2016,214,EE,HK5,7,2016
7/1/2016,1,EE,HK5,7,2016
8/1/2016,489,EE,HK5,8,2016
8/1/2016,36,EE,HK5,8,2016
8/1/2016,203,EE,HK5,8,2016
8/1/2016,5,EE,HK5,8,2016
11/1/2016,118,EE,HK5,11,2016
11/1/2016,15,EE,HK5,11,2016
12/1/2016,144,EE,HK5,12,2016
12/1/2016,108,EE,HK5,12,2016
12/1/2016,299,EE,HK5,12,2016
1/1/2016,12,UE,HK5,1,2016
1/1/2016,26,UE,HK5,1,2016
2/1/2016,11,UE,HK5,2,2016
2/1/2016,15,UE,HK5,2,2016
2/1/2016,2,UE,HK5,2,2016
3/1/2016,5,UE,HK5,3,2016
3/1/2016,102,UE,HK5,3,2016
3/1/2016,2,UE,HK5,3,2016
3/1/2016,11,UE,HK5,3,2016
4/1/2016,447,UE,HK5,4,2016
4/1/2016,12,UE,HK5,4,2016
4/1/2016,13,UE,HK5,4,2016
4/1/2016,8,UE,HK5,4,2016
5/1/2016,385,UE,HK5,5,2016
5/1/2016,57,UE,HK5,5,2016
5/1/2016,9,UE,HK5,5,2016
5/1/2016,1,UE,HK5,5,2016
6/1/2016,299,UE,HK5,6,2016
6/1/2016,23,UE,HK5,6,2016
7/1/2016,217,UE,HK5,7,2016
7/1/2016,1,UE,HK5,7,2016
7/1/2016,23,UE,HK5,7,2016
7/1/2016,8,UE,HK5,7,2016
8/1/2016,326,UE,HK5,8,2016
8/1/2016,1,UE,HK5,8,2016
8/1/2016,8,UE,HK5,8,2016
11/1/2016,3,UE,HK5,11,2016
12/1/2016,15,UE,HK5,12,2016
12/1/2016,59,UE,HK5,12,2016
12/1/2016,12,UE,HK5,12,2016
12/1/2016,2,UE,HK5,12,2016
1/1/2016,4,UE,HK5,1,2016
1/1/2016,54,UE,HK5,1,2016
1/1/2016,25,UE,HK5,1,2016
1/1/2016,19,UE,HK5,1,2016
2/1/2016,6,UE,HK5,2,2016
2/1/2016,46,UE,HK5,2,2016
2/1/2016,3,UE,HK5,2,2016
3/1/2016,2,UE,HK5,3,2016
3/1/2016,169,UE,HK5,3,2016
3/1/2016,5,UE,HK5,3,2016
3/1/2016,47,UE,HK5,3,2016
4/1/2016,345,UE,HK5,4,2016
4/1/2016,148,UE,HK5,4,2016
4/1/2016,6,UE,HK5,4,2016
4/1/2016,6,UE,HK5,4,2016
5/1/2016,1966,UE,HK5,5,2016
5/1/2016,1545,UE,HK5,5,2016
5/1/2016,124,UE,HK5,5,2016
5/1/2016,55,UE,HK5,5,2016
6/1/2016,7,UE,HK5,6,2016
6/1/2016,755,UE,HK5,6,2016
6/1/2016,14,UE,HK5,6,2016
7/1/2016,684,UE,HK5,7,2016
7/1/2016,39,UE,HK5,7,2016
7/1/2016,18,UE,HK5,7,2016
8/1/2016,106,UE,HK5,8,2016
8/1/2016,1,UE,HK5,8,2016
11/1/2016,3,UE,HK5,11,2016
12/1/2016,3,UE,HK5,12,2016
12/1/2016,3,UE,HK5,12,2016
12/1/2016,5,UE,HK5,12,2016
1/1/2017,5351,C,HK5,1,2017
1/1/2017,35,C,HK5,1,2017
1/1/2017,128,C,HK5,1,2017
1/1/2017,2,C,HK5,1,2017
2/1/2017,8441,C,HK5,2,2017
2/1/2017,1585,C,HK5,2,2017
2/1/2017,59,C,HK5,2,2017
2/1/2017,1,C,HK5,2,2017
3/1/2017,1249,C,HK5,3,2017
4/1/2017,8079,C,HK5,4,2017
4/1/2017,98,C,HK5,4,2017
4/1/2017,169,C,HK5,4,2017
5/1/2017,11489,C,HK5,5,2017
5/1/2017,2,C,HK5,5,2017
5/1/2017,966,C,HK5,5,2017
6/1/2017,8723,C,HK5,6,2017
6/1/2017,3033,C,HK5,6,2017
6/1/2017,322,C,HK5,6,2017
6/1/2017,1,C,HK5,6,2017
7/1/2017,8868,C,HK5,7,2017
7/1/2017,454,C,HK5,7,2017
7/1/2017,724,C,HK5,7,2017
7/1/2017,96,C,HK5,7,2017
8/1/2017,6961,C,HK5,8,2017
8/1/2017,1375,C,HK5,8,2017
8/1/2017,273,C,HK5,8,2017
8/1/2017,1,C,HK5,8,2017
9/1/2017,9355,C,HK5,9,2017
9/1/2017,6,C,HK5,9,2017
9/1/2017,874,C,HK5,9,2017
9/1/2017,1,C,HK5,9,2017
10/1/2017,9319,C,HK5,10,2017
10/1/2017,1123,C,HK5,10,2017
10/1/2017,891,C,HK5,10,2017
10/1/2017,3,C,HK5,10,2017
11/1/2017,10358,C,HK5,11,2017
11/1/2017,1,C,HK5,11,2017
11/1/2017,1262,C,HK5,11,2017
12/1/2017,5589,C,HK5,12,2017
12/1/2017,2895,C,HK5,12,2017
12/1/2017,763,C,HK5,12,2017
12/1/2017,362,C,HK5,12,2017
1/1/2017,346,EE,HK5,1,2017
1/1/2017,3,EE,HK5,1,2017
1/1/2017,410,EE,HK5,1,2017
1/1/2017,17,EE,HK5,1,2017
2/1/2017,530,EE,HK5,2,2017
2/1/2017,110,EE,HK5,2,2017
2/1/2017,378,EE,HK5,2,2017
2/1/2017,24,EE,HK5,2,2017
3/1/2017,107,EE,HK5,3,2017
4/1/2017,592,EE,HK5,4,2017
4/1/2017,86,EE,HK5,4,2017
4/1/2017,508,EE,HK5,4,2017
5/1/2017,842,EE,HK5,5,2017
5/1/2017,1402,EE,HK5,5,2017
6/1/2017,619,EE,HK5,6,2017
6/1/2017,135,EE,HK5,6,2017
6/1/2017,961,EE,HK5,6,2017
6/1/2017,1,EE,HK5,6,2017
7/1/2017,564,EE,HK5,7,2017
7/1/2017,27,EE,HK5,7,2017
7/1/2017,1000,EE,HK5,7,2017
7/1/2017,54,EE,HK5,7,2017
8/1/2017,481,EE,HK5,8,2017
8/1/2017,77,EE,HK5,8,2017
8/1/2017,550,EE,HK5,8,2017
8/1/2017,1,EE,HK5,8,2017
9/1/2017,641,EE,HK5,9,2017
9/1/2017,1,EE,HK5,9,2017
9/1/2017,68,EE,HK5,9,2017
9/1/2017,2,EE,HK5,9,2017
10/1/2017,668,EE,HK5,10,2017
10/1/2017,81,EE,HK5,10,2017
10/1/2017,64,EE,HK5,10,2017
10/1/2017,2,EE,HK5,10,2017
11/1/2017,777,EE,HK5,11,2017
11/1/2017,70,EE,HK5,11,2017
12/1/2017,376,EE,HK5,12,2017
12/1/2017,184,EE,HK5,12,2017
12/1/2017,306,EE,HK5,12,2017
12/1/2017,83,EE,HK5,12,2017
1/1/2017,514,UE,HK5,1,2017
1/1/2017,36,UE,HK5,1,2017
1/1/2017,20,UE,HK5,1,2017
1/1/2017,1,UE,HK5,1,2017
2/1/2017,374,UE,HK5,2,2017
2/1/2017,101,UE,HK5,2,2017
2/1/2017,9,UE,HK5,2,2017
3/1/2017,56,UE,HK5,3,2017
4/1/2017,179,UE,HK5,4,2017
4/1/2017,15,UE,HK5,4,2017
4/1/2017,34,UE,HK5,4,2017
4/1/2017,1,UE,HK5,4,2017
5/1/2017,281,UE,HK5,5,2017
6/1/2017,132,UE,HK5,6,2017
6/1/2017,15,UE,HK5,6,2017
6/1/2017,1,UE,HK5,6,2017
7/1/2017,231,UE,HK5,7,2017
7/1/2017,11,UE,HK5,7,2017
7/1/2017,2,UE,HK5,7,2017
8/1/2017,132,UE,HK5,8,2017
8/1/2017,14,UE,HK5,8,2017
8/1/2017,5,UE,HK5,8,2017
9/1/2017,57,UE,HK5,9,2017
9/1/2017,2,UE,HK5,9,2017
10/1/2017,142,UE,HK5,10,2017
10/1/2017,6,UE,HK5,10,2017
11/1/2017,123,UE,HK5,11,2017
12/1/2017,89,UE,HK5,12,2017
12/1/2017,62,UE,HK5,12,2017
12/1/2017,3,UE,HK5,12,2017
12/1/2017,4,UE,HK5,12,2017
1/1/2017,28,UE,HK5,1,2017
1/1/2017,1,UE,HK5,1,2017
2/1/2017,15,UE,HK5,2,2017
2/1/2017,4,UE,HK5,2,2017
2/1/2017,4,UE,HK5,2,2017
3/1/2017,4,UE,HK5,3,2017
4/1/2017,6,UE,HK5,4,2017
4/1/2017,1,UE,HK5,4,2017
4/1/2017,23,UE,HK5,4,2017
5/1/2017,21,UE,HK5,5,2017
5/1/2017,16,UE,HK5,5,2017
6/1/2017,10,UE,HK5,6,2017
6/1/2017,7,UE,HK5,6,2017
6/1/2017,8,UE,HK5,6,2017
7/1/2017,13,UE,HK5,7,2017
7/1/2017,30,UE,HK5,7,2017
7/1/2017,1,UE,HK5,7,2017
8/1/2017,13,UE,HK5,8,2017
8/1/2017,3,UE,HK5,8,2017
8/1/2017,10,UE,HK5,8,2017
9/1/2017,5,UE,HK5,9,2017
9/1/2017,58,UE,HK5,9,2017
10/1/2017,20,UE,HK5,10,2017
10/1/2017,4,UE,HK5,10,2017
10/1/2017,32,UE,HK5,10,2017
10/1/2017,1,UE,HK5,10,2017
11/1/2017,12,UE,HK5,11,2017
11/1/2017,50,UE,HK5,11,2017
12/1/2017,22,UE,HK5,12,2017
12/1/2017,912,UE,HK5,12,2017
12/1/2017,40,UE,HK5,12,2017
12/1/2017,73,UE,HK5,12,2017
1/1/2018,5694,C,HK5,1,2018
1/1/2018,6550,C,HK5,1,2018
1/1/2018,667,C,HK5,1,2018
1/1/2018,590,C,HK5,1,2018
2/1/2018,5129,C,HK5,2,2018
2/1/2018,2946,C,HK5,2,2018
2/1/2018,47,C,HK5,2,2018
2/1/2018,855,C,HK5,2,2018
3/1/2018,3637,C,HK5,3,2018
3/1/2018,6378,C,HK5,3,2018
3/1/2018,694,C,HK5,3,2018
3/1/2018,551,C,HK5,3,2018
4/1/2018,10145,C,HK5,4,2018
4/1/2018,175,C,HK5,4,2018
4/1/2018,1194,C,HK5,4,2018
4/1/2018,40,C,HK5,4,2018
5/1/2018,11700,C,HK5,5,2018
5/1/2018,45,C,HK5,5,2018
5/1/2018,1194,C,HK5,5,2018
5/1/2018,32,C,HK5,5,2018
6/1/2018,10386,C,HK5,6,2018
6/1/2018,564,C,HK5,6,2018
6/1/2018,917,C,HK5,6,2018
6/1/2018,257,C,HK5,6,2018
7/1/2018,13268,C,HK5,7,2018
7/1/2018,1301,C,HK5,7,2018
7/1/2018,45,C,HK5,7,2018
8/1/2018,11683,C,HK5,8,2018
8/1/2018,318,C,HK5,8,2018
8/1/2018,1196,C,HK5,8,2018
8/1/2018,58,C,HK5,8,2018
9/1/2018,10387,C,HK5,9,2018
9/1/2018,119,C,HK5,9,2018
9/1/2018,1108,C,HK5,9,2018
9/1/2018,19,C,HK5,9,2018
10/1/2018,13211,C,HK5,10,2018
10/1/2018,96,C,HK5,10,2018
10/1/2018,1401,C,HK5,10,2018
10/1/2018,3,C,HK5,10,2018
11/1/2018,11786,C,HK5,11,2018
11/1/2018,1176,C,HK5,11,2018
11/1/2018,9,C,HK5,11,2018
12/1/2018,11662,C,HK5,12,2018
12/1/2018,1227,C,HK5,12,2018
12/1/2018,7,C,HK5,12,2018
1/1/2018,453,EE,HK5,1,2018
1/1/2018,373,EE,HK5,1,2018
1/1/2018,56,EE,HK5,1,2018
1/1/2018,58,EE,HK5,1,2018
2/1/2018,572,EE,HK5,2,2018
2/1/2018,356,EE,HK5,2,2018
2/1/2018,16,EE,HK5,2,2018
2/1/2018,55,EE,HK5,2,2018
3/1/2018,332,EE,HK5,3,2018
3/1/2018,731,EE,HK5,3,2018
3/1/2018,43,EE,HK5,3,2018
3/1/2018,39,EE,HK5,3,2018
4/1/2018,769,EE,HK5,4,2018
4/1/2018,23,EE,HK5,4,2018
4/1/2018,73,EE,HK5,4,2018
4/1/2018,3,EE,HK5,4,2018
5/1/2018,907,EE,HK5,5,2018
5/1/2018,4,EE,HK5,5,2018
5/1/2018,63,EE,HK5,5,2018
5/1/2018,2,EE,HK5,5,2018
6/1/2018,930,EE,HK5,6,2018
6/1/2018,43,EE,HK5,6,2018
6/1/2018,70,EE,HK5,6,2018
6/1/2018,11,EE,HK5,6,2018
7/1/2018,1121,EE,HK5,7,2018
7/1/2018,60,EE,HK5,7,2018
7/1/2018,2,EE,HK5,7,2018
8/1/2018,965,EE,HK5,8,2018
8/1/2018,33,EE,HK5,8,2018
8/1/2018,60,EE,HK5,8,2018
8/1/2018,2,EE,HK5,8,2018
9/1/2018,1039,EE,HK5,9,2018
9/1/2018,11,EE,HK5,9,2018
9/1/2018,61,EE,HK5,9,2018
9/1/2018,1,EE,HK5,9,2018
10/1/2018,1215,EE,HK5,10,2018
10/1/2018,4,EE,HK5,10,2018
10/1/2018,75,EE,HK5,10,2018
11/1/2018,1115,EE,HK5,11,2018
11/1/2018,66,EE,HK5,11,2018
11/1/2018,5,EE,HK5,11,2018
12/1/2018,1194,EE,HK5,12,2018
12/1/2018,68,EE,HK5,12,2018
1/1/2018,104,UE,HK5,1,2018
1/1/2018,136,UE,HK5,1,2018
1/1/2018,33,UE,HK5,1,2018
1/1/2018,19,UE,HK5,1,2018
2/1/2018,149,UE,HK5,2,2018
2/1/2018,76,UE,HK5,2,2018
2/1/2018,3,UE,HK5,2,2018
2/1/2018,16,UE,HK5,2,2018
3/1/2018,242,UE,HK5,3,2018
3/1/2018,685,UE,HK5,3,2018
3/1/2018,14,UE,HK5,3,2018
3/1/2018,13,UE,HK5,3,2018
4/1/2018,619,UE,HK5,4,2018
4/1/2018,16,UE,HK5,4,2018
4/1/2018,35,UE,HK5,4,2018
4/1/2018,4,UE,HK5,4,2018
5/1/2018,316,UE,HK5,5,2018
5/1/2018,1,UE,HK5,5,2018
5/1/2018,24,UE,HK5,5,2018
6/1/2018,219,UE,HK5,6,2018
6/1/2018,18,UE,HK5,6,2018
6/1/2018,35,UE,HK5,6,2018
6/1/2018,6,UE,HK5,6,2018
7/1/2018,309,UE,HK5,7,2018
7/1/2018,1,UE,HK5,7,2018
7/1/2018,33,UE,HK5,7,2018
7/1/2018,1,UE,HK5,7,2018
8/1/2018,340,UE,HK5,8,2018
8/1/2018,43,UE,HK5,8,2018
8/1/2018,25,UE,HK5,8,2018
8/1/2018,4,UE,HK5,8,2018
9/1/2018,239,UE,HK5,9,2018
9/1/2018,3,UE,HK5,9,2018
9/1/2018,18,UE,HK5,9,2018
9/1/2018,1,UE,HK5,9,2018
10/1/2018,267,UE,HK5,10,2018
10/1/2018,3,UE,HK5,10,2018
10/1/2018,32,UE,HK5,10,2018
10/1/2018,2,UE,HK5,10,2018
11/1/2018,178,UE,HK5,11,2018
11/1/2018,26,UE,HK5,11,2018
12/1/2018,197,UE,HK5,12,2018
12/1/2018,37,UE,HK5,12,2018
1/1/2018,11,UE,HK5,1,2018
1/1/2018,2,UE,HK5,1,2018
1/1/2018,109,UE,HK5,1,2018
1/1/2018,84,UE,HK5,1,2018
2/1/2018,6,UE,HK5,2,2018
2/1/2018,1,UE,HK5,2,2018
2/1/2018,12,UE,HK5,2,2018
2/1/2018,156,UE,HK5,2,2018
3/1/2018,400,UE,HK5,3,2018
3/1/2018,363,UE,HK5,3,2018
3/1/2018,39,UE,HK5,3,2018
3/1/2018,32,UE,HK5,3,2018
4/1/2018,14,UE,HK5,4,2018
4/1/2018,120,UE,HK5,4,2018
4/1/2018,3,UE,HK5,4,2018
5/1/2018,37,UE,HK5,5,2018
5/1/2018,100,UE,HK5,5,2018
5/1/2018,3,UE,HK5,5,2018
6/1/2018,33,UE,HK5,6,2018
6/1/2018,5,UE,HK5,6,2018
6/1/2018,81,UE,HK5,6,2018
6/1/2018,24,UE,HK5,6,2018
7/1/2018,387,UE,HK5,7,2018
7/1/2018,150,UE,HK5,7,2018
7/1/2018,2,UE,HK5,7,2018
8/1/2018,104,UE,HK5,8,2018
8/1/2018,3,UE,HK5,8,2018
8/1/2018,120,UE,HK5,8,2018
8/1/2018,11,UE,HK5,8,2018
9/1/2018,55,UE,HK5,9,2018
9/1/2018,1,UE,HK5,9,2018
9/1/2018,99,UE,HK5,9,2018
9/1/2018,3,UE,HK5,9,2018
10/1/2018,64,UE,HK5,10,2018
10/1/2018,1,UE,HK5,10,2018
10/1/2018,122,UE,HK5,10,2018
11/1/2018,73,UE,HK5,11,2018
11/1/2018,84,UE,HK5,11,2018
11/1/2018,1,UE,HK5,11,2018
12/1/2018,74,UE,HK5,12,2018
12/1/2018,106,UE,HK5,12,2018
12/1/2018,1,UE,HK5,12,2018
1/1/2019,12466,C,HK5,1,2019
1/1/2019,1030,C,HK5,1,2019
1/1/2019,1186,C,HK5,1,2019
1/1/2019,66,C,HK5,1,2019
2/1/2019,5602,C,HK5,2,2019
2/1/2019,235,C,HK5,2,2019
2/1/2019,579,C,HK5,2,2019
2/1/2019,40,C,HK5,2,2019
3/1/2019,6503,C,HK5,3,2019
3/1/2019,591,C,HK5,3,2019
3/1/2019,792,C,HK5,3,2019
3/1/2019,48,C,HK5,3,2019
1/1/2019,1126,EE,HK5,1,2019
1/1/2019,109,EE,HK5,1,2019
1/1/2019,62,EE,HK5,1,2019
1/1/2019,1,EE,HK5,1,2019
2/1/2019,1066,EE,HK5,2,2019
2/1/2019,307,EE,HK5,2,2019
2/1/2019,52,EE,HK5,2,2019
2/1/2019,4,EE,HK5,2,2019
3/1/2019,1257,EE,HK5,3,2019
3/1/2019,100,EE,HK5,3,2019
3/1/2019,51,EE,HK5,3,2019
3/1/2019,10,EE,HK5,3,2019
4/1/2019,1230,EE,HK5,4,2019
4/1/2019,23,EE,HK5,4,2019
4/1/2019,5,EE,HK5,4,2019
5/1/2019,1442,EE,HK5,5,2019
5/1/2019,37,EE,HK5,5,2019
5/1/2019,35,EE,HK5,5,2019
5/1/2019,6,EE,HK5,5,2019
2/1/2019,2142,C,HK5,2,2019
2/1/2019,544,C,HK5,2,2019
2/1/2019,235,C,HK5,2,2019
3/1/2019,5470,C,HK5,3,2019
3/1/2019,394,C,HK5,3,2019
3/1/2019,386,C,HK5,3,2019
3/1/2019,19,C,HK5,3,2019
4/1/2019,12381,C,HK5,4,2019
4/1/2019,996,C,HK5,4,2019
4/1/2019,205,C,HK5,4,2019
5/1/2019,12150,C,HK5,5,2019
5/1/2019,411,C,HK5,5,2019
5/1/2019,1180,C,HK5,5,2019
5/1/2019,111,C,HK5,5,2019
1/1/2019,262,UE,HK5,1,2019
1/1/2019,14,UE,HK5,1,2019
1/1/2019,44,UE,HK5,1,2019
1/1/2019,8,UE,HK5,1,2019
2/1/2019,449,UE,HK5,2,2019
2/1/2019,159,UE,HK5,2,2019
2/1/2019,28,UE,HK5,2,2019
2/1/2019,7,UE,HK5,2,2019
3/1/2019,858,UE,HK5,3,2019
3/1/2019,240,UE,HK5,3,2019
3/1/2019,42,UE,HK5,3,2019
3/1/2019,4,UE,HK5,3,2019
4/1/2019,363,UE,HK5,4,2019
4/1/2019,1,UE,HK5,4,2019
4/1/2019,41,UE,HK5,4,2019
4/1/2019,18,UE,HK5,4,2019
5/1/2019,204,UE,HK5,5,2019
5/1/2019,11,UE,HK5,5,2019
5/1/2019,24,UE,HK5,5,2019
5/1/2019,7,UE,HK5,5,2019
1/1/2019,86,UE,HK5,1,2019
1/1/2019,9,UE,HK5,1,2019
1/1/2019,87,UE,HK5,1,2019
1/1/2019,5,UE,HK5,1,2019
2/1/2019,310,UE,HK5,2,2019
2/1/2019,990,UE,HK5,2,2019
2/1/2019,71,UE,HK5,2,2019
2/1/2019,57,UE,HK5,2,2019
3/1/2019,111,UE,HK5,3,2019
3/1/2019,41,UE,HK5,3,2019
3/1/2019,64,UE,HK5,3,2019
3/1/2019,8,UE,HK5,3,2019
4/1/2019,91,UE,HK5,4,2019
4/1/2019,80,UE,HK5,4,2019
4/1/2019,25,UE,HK5,4,2019
5/1/2019,71,UE,HK5,5,2019
5/1/2019,1,UE,HK5,5,2019
5/1/2019,92,UE,HK5,5,2019
5/1/2019,8,UE,HK5,5,2019
